<?xml version="1.0" encoding="utf-8"?>
<Dependencies>
  <ProductDependencies>
  </ProductDependencies>
  <ToolsetDependencies>
    <Dependency Name="Microsoft.DotNet.Arcade.Sdk" Version="10.0.0-beta.24430.1">
      <Uri>https://github.com/dotnet/arcade</Uri>
      <Sha>0ed1d3dc15420cd41c252b0c5d9474f197a29e06</Sha>
    </Dependency>
    <Dependency Name="Microsoft.DotNet.Helix.Sdk" Version="10.0.0-beta.24430.1">
      <Uri>https://github.com/dotnet/arcade</Uri>
      <Sha>0ed1d3dc15420cd41c252b0c5d9474f197a29e06</Sha>
    </Dependency>
  </ToolsetDependencies>
</Dependencies>
